text,label,llm_labeled,notes,llm-generated
"Interviewer: ""Jaxson Hayes got Slovenian citizenship, what is your view about that. You probably care about those things."" Luka: ""Yes... I basically had nothing to do with that, so, I'm only playing for national team. But yes, boy is really okay. Good player, so it's amazing.""",entertainment,TRUE,"Quote shared for charm/humor value, not as breaking news.",FALSE
"When the NBA was formed via merger in 1949, eight of nine NBL teams entered the new NBA. The ninth, the all-Black, Black-owned Dayton Rens, was excluded. After inheriting the NBL's worst record midseason, the Rens had a playoff-caliber mark, but the NBA cited the inherited record to disqualify them. To clarify (ran out of characters), the Rens took on the worst team's record midseason, which was 2-17. In other words, they were 2-17 before actually playing a game. The NBA's first commissioner, Maurice Podoloff, and the NBL, cited that they had the worst record in the league, and used that justification to exclude them. They only had the worst record because they inherited that other team's record (in a 59 game season), and in the games in which they played they had a winning percentage good enough to...",analysis,TRUE,Poster synthesizes historical facts into a structured argument about institutional exclusion — original framing is the value.,FALSE
"SAS ""I got the Knicks and Thunder in next years finals, if Chet can do a push up""",entertainment,TRUE,"Pure humor, no factual claim intended.",FALSE
"Karl Anthony Towns to Jalen Brunson: ""I want to make sure I amplify you to a whole other level that you havent even recognized for yourself. I want to be that partner in crime that you haven't had, and I want to make sure that every step of the way, anytime you go anywhere, you're never alone.""",entertainment,TRUE,"Emotional quote shared for warmth/inspiration value, not breaking news.",FALSE
"There are 9 teams in NBA history that have had 4 All-stars on them, the Celtics have 3 of them. 1962 Celtics: Bill Russell, Sam Jones, Tom Heinsohn and Bob Cousy were all named all stars. This team had the mvp (Bill Russell) on it and including him, two other players were also named All-NBA second team. 1975 Celtics: Dave Cowens, Jo Jo White, John Havlicek, Paul Silas were all named all stars. This team had 2 all defensive 1st team players and 2 all defensive 2nd team players. 3 of them were also named All-NBA second team. 1982-1983 76ers: Moses Malone, Julius Erving, Maurice Cheeks and Andrew Toney were al...",analysis,TRUE,,FALSE
"How Knicks' OG Anunoby is helping NYC shelter cats find their forever homes. OG Anunoby has become the cat's meow in New York. He helped the New York Knicks bring an NBA championship back home, and now he's helping the city's cats find their forever homes. He selected five cats – called ""OG's Starting Five"" – that were available to be adopted by Knicks fans or cat lovers who are ready to welcome a furry feline into their home. Three of the five Anunoby selected were adopted within days, including Damu, an 11-year-old with some medical...",entertainment,TRUE,Human interest / feel-good story. Informational content is secondary to the charm of the story.,FALSE
Since 2009 only one player drafted in an even-numbered position got Finals MVP. KD is the only Finals MVP since 2009 who was drafted in an even-numbered draft spot. It's not even the #1 pick hegemony -- LeBron's the only first pick to win it in that time span.,analysis,TRUE,,FALSE
"The 2018 draft is the 6th draft class in history to produce multiple Finals MVPs. Shai Gilgeous-Alexander and Jalen Brunson both hail from the 2018 draft and have won the last 2 finals MVPs. The other draft classes to produce multiple FMVPs are... 2003: LeBron James, Dwyane Wade. 1998: Dirk Nowitzki, Paul Pierce. 1997: Tim Duncan, Chauncey Billups. 1984: Hakeem Olajuwon, Michael Jordan. 1969: Lew Alcindor, JoJo White. This also makes Brunson and SGA the 2nd draft class (3rd*) to produce finals MVPs that won it in back to back years after the '84 class when Hakeem and MJ won it in 8...",analysis,TRUE,,FALSE
"[Former Laker Head Athletic Trainer Gary Vitti] ""I love Shaq, I absolutely adore him… but you had to be looking over your shoulder all the time. All the time."" Gary Vitti had two stories from the same interview. Ex-Lakers Trainer Gary Vitti Recalls the Time Shaq Wiped His Ass and Threw Shit-Covered Toilet Paper at Him While He Was Using the Urinal. Ex-Lakers Athletic Trainer Gary Vitti Says Shaq Dug Chick Hearn's Shit-Stained Drawers Out of a Bathroom Trash Can and Still Keeps Them Locked in a Safe.",entertainment,TRUE,,FALSE
"Who is a random role player that has affected your life permanently? Ever since I heard the name Furkan Korkmaz during his draft prep, I have used it to replace expletives when I can't swear (formal situations/around kids), as in stub my toe ""AH FURKAN KORKMAZ"", lose a card game ""stupid furkan luck"", it has fully integrated into my speech patterns and I don't think it will ever go away.",entertainment,TRUE,,FALSE
"""Board makes Celtics pay for their success"". Just learned about Reggie Lewis who died young as an active player due to HOCM. While sad, the below aftermath is even more crazy. ""Lewis' contract remained on the Celtics' salary cap for two full seasons after his death because at the time the NBA did not have a provision to void contracts if an active player died; NBA Commissioner David Stern suggested that the remaining NBA teams should approve an exemption for Lewis' contract, but the teams refused to do so."" It's crazy that teams did not vote to exempt...",entertainment,TRUE,Borderline News/Entertainment. Historical anecdote shared primarily for shock/interest value rather than as breaking information.,FALSE
"Players who had the most top 3 mvp finishes in a row in nba history. A sequel to my previous off season stat. 1 - Magic Johnson, 1983 - 1991 (9 years). When Magic was in mvp conversations, he was always top 3 in mvp voting. He was never 4th or 5th in mvp voting. 2 - A three way tie: Bill Russell, 1958 - 1965 (8 years). Fun fact, Wilt Chamberlain was all nba first team 4 more times than Bill Russell, but Bill Russell was top...",analysis,TRUE,,FALSE
"In the first Knicks Championship parade in over 53 years, James Dolan and NYC politicians got 13 minutes of podium mic time. All Knicks players combined got 2 minutes of podium mic time, including 0 minutes for KAT, OG, and Alvarado. I remember when Championship parades used to have end of the bench guys going crazy. Those were so fun. For example, Steve Kerr once had a legendary moment during a Bulls parade. Aaron Wiggins was also funny last year. Instead, this year we had to listen to Dolan and a bunch of politicians larp as Knicks fans.",analysis,TRUE,"Has specific timed data and makes a pointed argument — qualifies as Analysis, not just opinion.",FALSE
"Spurs and Knicks in the 1st Quarters of the Finals 158 - 101. Spurs and Knicks in the 4th Quarters of the Finals 105 - 131. The Spurs outscored the Knicks in all the 1st quarters combined, 158 - 101. The Knicks outscored the Spurs in the 4th quarters a combined 131 - 105. Someone said the Spurs went 110% in the 1st Quarter and the Knicks saved it for the 4th. I think it's a little different. The Spurs just had nerves, missed bad shots (Fox), deviated from their set plays, and started playing sloppy. That's what gave the Knicks a lot of easier shots.",analysis,TRUE,,FALSE
"Observation: Only 9 of 37 seasons since 1990 had a completely undisputed best player. I used a very conservative definition of ""consensus best player."" To count as the consensus best player, the person had to (all in the same season): Win regular season MVP, Win the championship...",analysis,TRUE,,FALSE
"Former viral SPIRE Institute basketball player Robert Bobroczkyi has recently been putting his insane 7'7"" frame to use as a monster actor in Hollywood, starting with 2024's Alien Romulus and recently with 2026's [Spoilers]. Many of you will probably remember Robert Bobroczkyi, that really really tall kid who went viral ~10 years ago for possibly being a basketball cheat code.",entertainment,TRUE,Novelty/human interest story with no basketball news value.,FALSE
"LeBron after the Cavs win game 6 of the 2016 finals: 'They f*cked up. Mentally and physically. I'm telling you, they f*cked up.'",entertainment,TRUE,Historical quote shared for entertainment/nostalgia. No new information.,FALSE
"Mike Brown's Flowers. Mike Brown hasn't gotten the recognition he deserves so lets this post be his official flowers. 2007, the man coached the Cavs to a Finals as COTY. Then was fired after winning a league best 61 games. Followed by a short stint with the LAL and then CLE again. He goes on to be an assistant for GS, winning 2 titles. He then left and joined SAC. In his first year he coached them to their first playoff stint in 17 years!! He became the first ever unanimous COTY. He was dismissed due to questionable reasons in 24/25.",analysis,TRUE,Structured career retrospective making an argument — the synthesis is the poster's contribution.,FALSE
"Julius Randle was to the Knicks what Demar DeRozan was to the Raptors. Obviously, Demar means more to the Raptors than Julius does to the Knicks, but the parallels are prominent. Both guys were the first core piece to new eras of their team. Both had play styles that didn't seem optimal for the modern NBA, but still rose to all-star level. They got their franchises back to the playoffs, but they couldn't ever get over the hump. When suddenly, their front offices knew they had to trade the first piece to get the last piece.",analysis,TRUE,,FALSE
"Knicks legend Carmelo Anthony at the Knicks parade: ""I like to say we all won. The whole city won. Every player who ever came through here, like, this was the buildup for this moment.""",entertainment,TRUE,,FALSE
"Jalen Brunson (jokingly): ""I'm not a fan of Luka. He's actually, he's one one of the worst teammates I've ever had."" Kid Reporter: ""That's crazy. He doesn't play defense."" Jalen Brunson: ""Oh, wow. He plays a little defense. He tries.""",entertainment,TRUE,,FALSE
"Another point for the GOAT debate: there have been twice as many players born on December 30th (LeBron's date of birth) than February 17th (Jordan's). There have been 24 NBA players born on December 30th, more than any other day in December. February 17th has a meager 12. Furthermore, four of those 24 played in the league last year, while none of Jordan's dozen have seen the floor since the 2023-24 season.",entertainment,TRUE,Stat trivia presented for novelty/humor rather than serious analytical claim.,FALSE
"Kingston Flemings on the craziest question he's been asked during the draft process: ""At the combine, a team asked me, 'If I could punch anybody in the face, who would it be?'"" Flemings declined to answer the question.",entertainment,TRUE,,FALSE
"Lost in the Knicks winning the NBA Championship last week: Jalen Brunson (2,240) has passed Kyrie Irving (2,211) in total career playoff points. He is just 30 away from passing Giannis Antetokounmpo (2,270). After dropping 45 in the Game 5 closeout to clinch the title in San Antonio, Jalen Brunson has climbed the all-time playoff scoring list, passing Kyrie Irving and other players along the way.",analysis,TRUE,,FALSE
"[First Take] ""Imagine every woman you date. When your done dating her. The next dude she dates, she marries. That's the Minnesota Timberwolves.""",entertainment,TRUE,,FALSE
"Len Bias: 40 years later. Len Bias was a 6'8"" small forward out of Maryland, widely seen as one of the most talented prospects of his generation. The Celtics took him with the No. 2 pick in the 1986 draft (held in NYC on June 17), and the pairing felt like a continuation of a dynasty. Two days later, he was dead. After returning to College Park, he attended a party at his dorm with teammates and friends. They used cocaine that night, and Bias suffered a fatal cardiac arrhythmia as a result. He was 22.",entertainment,TRUE,"Historical tribute/memorial post — informational but the purpose is commemoration, not reporting.",FALSE
"Jalen Brunson won 2 National Championships, National Player of the Year award at Villanova, 2 gold medals, and earned his college degree in three years en route to NBA",analysis,TRUE,Structured compilation of accolades making an implicit argument about Brunson's decorated career.,FALSE
"DYK: Sometime in the 1980's or 1990's the NBA stopped calling ""trapped ball"" goaltending. Which is why you never see LeBron-esq dominant ""chasedown"" blocks in the past? One thing I find interesting about this is that, as far as I can tell, the NBA rulebook itself never actually removed this rule. The league just seems to have stopped calling it at some point.",analysis,TRUE,,FALSE
Knicks fans are throwing around a Victor Wembanyama doll at their Championship parade,entertainment,TRUE,,FALSE
"Carmelo Anthony at the Knicks parade: ""New York is, as they would say, lit, right now!""",entertainment,TRUE,,FALSE
"Mike Brown starts a Who Let the Dogs Out? chant wearing a ""10 Weeks"" Shirsey.",entertainment,TRUE,,FALSE
Crying Wemby has a front row seat to the Knicks championship parade,entertainment,TRUE,,FALSE
Chick-fil-A delivery is coming through the Knicks fans during the parade.,entertainment,TRUE,,FALSE
Josh Hart hopped off the float to embrace fans and take selfies with them!,entertainment,TRUE,,FALSE
"the post-Giannis Milwaukee Bucks may be the last of the ""great"" tanking teams, due to the new lottery rules. As we all know by now, the bottom of the NBA became a cesspool of egregious tanking. Bad teams, understandably so, didn't mind punting on a regular season or two in order to improve their chances of getting a top pick in the next draft.",analysis,TRUE,,FALSE
"[OC]: The New York/Dayton Renaissance - The little-known story of the all-Black, Black-owned team that tried to overcome corruption to integrate the NBA. Moving to one of the most racist cities in the U.S. with the NBA on the Horizon: The New York Renaissance, also known as the ""Rens"", originated in Harlem in 1923. For more than two decades, the Rens were one of the world's best basketball teams, yet were forced to operate as a barnstorming team due to racial realities of the Jim Crow era.",analysis,TRUE,,FALSE
"[Stat] In the 2026 NBA playoffs, opponents shot 52.6% on 16.5 FGA from within 5 feet of the rim when guarded by Victor Wembanyama. To put into perspective how impressive that is, here are the stats for some other great rim protectors across these playoffs: Rudy Gobert: 66.7% on 18 FGA. Chet Holmgren: 55.4% on 17.8 FGA...",analysis,TRUE,,FALSE
"3 Players in NBA History have averaged 2 Blocks & 2 Steals per Game for an entire Season: Hakeem Olajuwon, David Robinson, and? Gerald Wallace. Charlotte Bobcats fans stand up lol. What a fun & underrated player. Interestingly enough, somehow only finished 9th in DPOY voting that season.",analysis,TRUE,,FALSE
"The Players That Will Make It Into the Hall of Fame - According to Basketball Reference. Basketball Reference has a tool that tracks the probability of players making the hall of fame based on the stats and accolades of players already in. With the 2026 Knicks winning, several players have been catapulted way up the standings. Here are the top 50 players...",analysis,TRUE,,FALSE
Jalen Brunson and Josh Hart toss out first pitches at Yankee Stadium after securing the New York Knicks' first NBA championship in 53 years,entertainment,TRUE,,FALSE
"The face of the league in the 2040s was born sometime during Wemby's rookie season. LeBron was born on December 30th, 1984, halfway through MJ's rookie season. Wemby was born in January 4th, 2004, halfway through LeBron's rookie season. Therefore, the face of the league in roughly 17-20 years was born sometime during Wemby's 2023-2024 rookie season.",entertainment,TRUE,"Pattern trivia — fun conjecture presented for amusement, not serious analysis.",FALSE
"In 2017 OG Anunoby tore his ACL crashing the glass in college. Nine years later, on an eerily similar play, he made the game winning tip in the finals!",entertainment,TRUE,Poetic full-circle story shared for emotional resonance.,FALSE
There have only been 10 games in NBA history where a team had all 15 players score in one game. I made a post here on May 1st saying how it was pretty crazy that all 15 players on the knicks scored in the blowout against Atlanta and that this must be a pretty rare occurrence. I finally was able to do a deep dive into the stats and found out it's only been done 9 other times.,analysis,TRUE,,FALSE
"The Knicks have 8 guys on their roster for next season and are only $13m under the 2nd apron. They will almost certainly lose Mitchell Robinson, Landry Shamet and possibly Jose Alvarado. With Dolan saying the Knicks are not going to pass the 2nd apron, it means Mitchell Robinson and Landry Shamet are both almost certainly gone.",analysis,TRUE,,FALSE
Max Kellerman and rich paul talk about how the media in the nba like to build someone up and then tear them down and now it's happening to Victor Wembanyama. Rich Paul says that's something Allen Iverson always used to tell LeBron James they are coming. And they came in 2010.,entertainment,TRUE,,FALSE
"Mike Breen Admits He Would Have Called First Ever Triple ""Bang!"" Had Brunson Made 3 Point Shot in Game 4",entertainment,TRUE,,FALSE
[WFAN] Mike Breen had a wild journey home from San Antonio that included sleeping on a couch in an Atlanta hotel,entertainment,TRUE,,FALSE
"Players who has the most top 5 mvp finishes in a row in nba history. 1st - LeBron James, 2006 - 2018 (13 years). LeBron was top 5 in mvp voting for 13 years in a row.",analysis,TRUE,,FALSE
"An overlooked/interesting stat in the ""Spurs dominated for a majority of the series"" numbers. Spurs held a lead for 72% of the minutes played. This is widely translated as ""The spurs DOMINATED for 72% of the series"". Looking more closely at the numbers, it tells a different story. In first quarters, Spurs were a combined +57 over the 5 games. This is important because this is largely the number holding up the ""led for 72% of the series"" stat.",analysis,TRUE,,FALSE
"6 Months Ago, the Knicks trailed the Spurs by 11 mid way through the 3rd Quarter of the NBA Cup Championship game. The Knicks would go on to outscore the Spurs 53-31 for the final 18 minutes of the game to win the NBA Cup Title.",analysis,TRUE,,FALSE
[The Guardian] 15 things we learned from the NBA playoffs. The year of New York and the Thunder weren't inevitable.,analysis,TRUE,,FALSE
Scott Foster claimed he saw zero contact from six feet away.,entertainment,TRUE,"Sardonic one-liner about a referee — humor, no factual claim.",FALSE
If this Knicks season was adapted by A24 into a film directed by a reunion of the Safdie Bros. Does A24 have the budget to de-age John Torturro into Landry Shamet's age? Who will play Jeremy Sochan?,entertainment,TRUE,,FALSE
"Did Brunson bump Harden from the starting PG spot on the All Lefty Team? With that playoff run and Finals performance, I'd say yes. Starters: Brunson, Manu, Mullins, Russell, Robinson.",entertainment,TRUE,Fun hypothetical trivia with no serious analytical intent.,FALSE
"(O.C.) How to pretend you know about the draft 2026. First of all, let's hear it for the San Antonio KNICKS. I had my doubts that they could get back up after that long grueling series against the Oklahoma City CAVALIERS, but all in all, we all should have known better than to doubt the 7'6 JALEN BRUNSON.",entertainment,TRUE,Satirical/comedic post deliberately getting facts wrong for laughs.,FALSE
"Carmelo is the most unlucky athlete ever. Melo lost his nick name, his number, his city, his top10 scorer and his full name now. What else can he lose? It's just a joke guys.",entertainment,TRUE,,FALSE
"The 2026 NY Knicks become the sixth team in NBA history to win a championship without a former or current MVP on the roster. They join the '89 pistons, '90 pistons, '04 pistons, '19 raptors and '24 Celtics as the only other teams without a former or current MVP to win a title.",analysis,TRUE,,FALSE
"Former NBA Player Nick Young on Wembanyama: ""Wemby is a soft baby. He's a crying protected baby""",entertainment,TRUE,Inflammatory quote shared for reaction/humor value.,FALSE
"Draymond Green reflects on punching Jordan Poole: ""For five seconds, I forgot where I was""",entertainment,TRUE,,FALSE
"Michael Beasley on playing Dwight Howard: ""Do it to him with no condom. Real raw.""",entertainment,TRUE,,FALSE
The Raptors Desperately Trying To Trade Up For Giannis In The 2013 Draft,entertainment,TRUE,Nostalgic historical tidbit shared for amusement.,FALSE
Today's the 10 year anniversary of Game 7 of the 2016 NBA Finals (Cavs-Warriors). Watching this game immediately into Game of Thrones Battle of the Bastards was an all time night. Probably the best single day of this millennium.,entertainment,TRUE,,FALSE
De'Aaron Fox whenever he comes to NY the rest of his life,entertainment,TRUE,Meme-style post with implied meaning — pure humor/reaction.,FALSE
Joel Embiid averaged 5 ppg on 18% shooting against Marc Gasol and the Toronto Raptors in the 2020 season. Embiid averaged 17 ppg on 37% shooting vs the raptors in that 7 game series. Marc Gasol was his primary defender.,analysis,TRUE,,FALSE
"[Late Night with Seth Meyers] Karl-Anthony Towns: ""It was so amazing to see our team bring together New York…Hell I saw Brooklyn celebrating for the Knicks and they have a whole team!""",entertainment,TRUE,,FALSE
"J.R. Smith on his 2018 NBA Finals blunder: ""I'm dribbling it out to get the ball to Bron... this is your job. You have to like that's why you don't get the big bucks. They don't pay me enough for this shit, right?... We never talked about that. He's still mad. He is still mad. Oh, he's so mad.""",entertainment,TRUE,,FALSE
"2026 NBA Free Agency Contract Value BigBoard. I built a FairSalary model to estimate what players should be worth based on production, advanced impact, usage, efficiency, availability, and role.",analysis,TRUE,,FALSE
"Jalen Brunson after the Knicks came back down 29 in game 4 of the NBA finals: ""I mean I thought about it, but then I realized where we're at. You're allowed to think about the worst possible scenario, but you gotta go out there and do something about it.""",entertainment,TRUE,,FALSE
Soccer player Thomas Müller is wandering around lost on his way to practice because of the Knicks parade.,entertainment,TRUE,,FALSE
"Jalen Brunson holds up an Elmo plushie during the parade, with Elmo wearing a sign reading ""Forgive me PLEASE""",entertainment,TRUE,,FALSE
"Leon Rose thanks Knicks fans in his speech at City Hall: ""We did it for you.""",entertainment,TRUE,,FALSE
"Jalen Brunson: ""I don't know how many times I got to tell Mike to stop doing that shit"" - About Mike Brown doing the ""Who Let The Dogs Out"" with the crowd prior to his speech.",entertainment,TRUE,,FALSE
"James Dolan responds to Mamdani's speech: ""I don't need your vote. I don't need to quote to you about what happened. If you're real Knick fans you know it already.""",entertainment,TRUE,,FALSE
NYPD confuses Tyler Kolek for a fan jumping the barricade,entertainment,TRUE,,FALSE
"Tyler Kolek to Jalen Brunson while holding the NBA Cup trophy: ""This my real trophy right here. Y'all got that one I got this one""",entertainment,TRUE,,FALSE
"Jalen Brunson: ""There's a lot of people that have a lot of negative stuff to say. There's a lot of people who have a lot of opinions. But when you prove them wrong, you don't have to say s--t to them.""",entertainment,TRUE,,FALSE
"[Jalen Brunson] ""Damn... We really did it dawg.""",entertainment,TRUE,,FALSE
Josh Hart's wife sticks her thumb in a forbidden place during the Knicks Championship Parade,entertainment,TRUE,,FALSE
"NYPD try to hold on, as Knicks fans break through Police barricades at the Parade",entertainment,TRUE,,FALSE
Mitchell Robinson brought his truck to the Knicks Championship Parade.,entertainment,TRUE,,FALSE
Mike Breen has arrived to the Knicks parade. Bang.,entertainment,TRUE,,FALSE
"Walt ""Clyde"" Frazier will be in the lead car on the Canyon of Heroes, driving the 1952 Chrysler Imperial Parade Phaeton.",entertainment,TRUE,,FALSE
Day 6 of Sochan being shirtless. Here he is accepting the key to the city from Mayor Mamdani.,entertainment,TRUE,,FALSE
Crowd sings Empire State of Mind at Knicks championship parade,entertainment,TRUE,,FALSE
"Alicia Keys Sings ""Empire State of Mind"" at Knicks Championship Parade With Knicks Team, Zohran Mamdani, & More Celebrities",entertainment,TRUE,,FALSE
"[OC] The NBA Championship Belt (2025-26 Edition). The concept is simple: If you beat the team with the Belt, you now own the Belt. The season usually ends up with the NBA Champion...",entertainment,TRUE,,FALSE
"The Utter Falloff of the Stars of the 2019 Draft. With the draft right around the corner, was listening to a podcast today that described offseason moves. The 2019 draft had 4 All-Stars: Zion, Ja, Tyler Herro, and Darius Garland. Of those 4, 2 have major injury/health/off-court concerns.",analysis,TRUE,,FALSE
"Dirk Nowitzki Talking To Rookie Jalen Brunson: ""In college, you never saw a frame like this. 7 footer, mobile, shoot, move. This ain't no college killa. This is the real deal here.""",entertainment,TRUE,,FALSE
"McMenamin after reporting that Kessler and Duren would satisfy Doncic's desire for an ""A-list center"": ""I already heard from someone in the Detroit organization today that said, 'Hey, tell Luka to leave [Jalen Duren] alone.'""",entertainment,TRUE,Funny/revealing behind-the-scenes quote shared for its wit.,FALSE
"Jalen Brunson vs SGA playoff stats. Jalen Brunson in the playoffs as a Knick: 29.4 PPG, 3.6 RPG, 6.6 APG, 46.0 FG%, 34.4 3P%, 83.9 FT%, 56.9 TS%, 61 games. SGA in the playoffs on the Thunder: 27.6 PPG, 5.0 RPG, 6.6 APG, 46.7 FG%, 32.8 3P%, 87.0 FT%, 58.0 TS%, 55 games.",analysis,TRUE,,FALSE
"Chris Jent (Knicks assistant) ALL-TIME NBA stats: 37 points, 16 rebounds, 8 assists. Jokic against the Timberwolves on 4/1/2022: 38 points, 19 rebounds, 8 assists.",entertainment,TRUE,,FALSE
"Born to play basketball, Jalen Brunson. Only 51 players have won the NCAA tournament and got a ring. Only 8 players have won 2 NCAA tournaments and an NBA Championship. Only Brunson and Bill Walton also has a finals MVP.",analysis,TRUE,,FALSE
"A Knicks fan passed out at the parade, a woman saved his life, and he somehow found a way to say thank you while still passing out.",entertainment,TRUE,,FALSE
"Denver Nuggets' Spencer Keith Jones on 'the downside of having it all': ""When I was younger, training was simple. No trainers, no facilities. Just drills I found online and the discipline to figure out what worked. I had no choice but to coach myself. Now I have access to everything. And that's the trap.""",entertainment,TRUE,"Motivational player quote shared for inspirational value, not as breaking news.",FALSE
Knicks fans climbing police vehicles to get a better view of the parade,entertainment,TRUE,,FALSE
Explaining the perfect storm contributing to the OKC Thunder's unprecedented hate. I saw that post about the OKC Thunder being eliminated from playoff contention getting more upvotes than the Luka trade. And I asked myself - how is that even possible? How does Shai get more hate than even prime James Harden got? So I dug into what led to them getting the most hate in NBA social media history.,analysis,TRUE,Poster presents structured explanation of a social phenomenon based on their own research.,FALSE
Victor Wembanyama made the same mistake of passing at someone's back that he did against the Knicks to cost them game 2 in the all star game this year,analysis,TRUE,Draws a specific cross-game pattern — the connection between two separate incidents is the poster's original observation.,FALSE
"Compare different players by their stats. Made this website to easily explore different players based on their various stats, hope yall have fun with it! csinva.io/deep-dive/basketball",entertainment,TRUE,"Tool/resource share for fun — no argument, no question, no factual claim. Novelty.",FALSE
The Knicks are 3-0 whenever the Spurs have played cartoon music during player intros,analysis,TRUE,Quirky cross-game pattern observation — the connection between intro music and game outcomes is the poster's original finding.,FALSE
"The Spurs won the first quarter of every game, but proceeded to lose all the remaining quarters. We've seen the ""minutes led"" statistic which show that the Spurs led for 70% of the series, when you look at quarter splits specifically we can see that they only won the first quarter. Here are the splits: 1st: Spurs +57 2nd: Knicks +29 3rd: Knicks +14 4th: Knicks +26 Source: FirstThingsFirst on FS1",analysis,TRUE,Quarter-by-quarter breakdown that reframes the 'Spurs dominated' narrative using structured data.,FALSE
"The Spurs were tied or leading in the final 2 min of the 4th qtr in every game of the 2026 NBA Finals. Numbers in the final 2 min: Brunson: 17 points, 7-13 FG, 0 TO | Wemby: 4 points, 1-7 FG, 2 TO",analysis,TRUE,Original aggregation of clutch-time stats across all 5 games — the compilation and framing is the poster's contribution.,FALSE
"Brunson's usage rate in the final 2 minutes of close games this postseason was 68.4% — meaning nearly 7 out of every 10 Knicks possessions with the game on the line ran through him. For context, Jordan's peak playoff usage in crunch time was 71.2%. The gap is smaller than people think.",analysis,TRUE,,TRUE
People keep saying the Spurs' press caused their own downfall but that's backwards. SA's press generated a +12.3 first-quarter point differential across the series. They stopped pressing in Q3 and Q4 — that's when the Knicks outscored them by 40 combined. The press wasn't the problem. Abandoning it was.,analysis,TRUE,,TRUE
"Jokic is the only player since Wilt to lead the league in assists, rebounds, and TS% in the same season. He did it in 2024-25. Everyone noted it at the time. Nobody has revisited what it means for his GOAT case now that two more players have won titles since. It should move him up, not down.",analysis,TRUE,,TRUE
"The KAT trade is looking worse for Minnesota by the day. What they got: Randle (traded away), DiVincenzo (solid role player), a pick that became a second-rounder. What NY got: a top-5 player who averaged 26/12/8 in the playoffs and won a ring. The Wolves gave away 5 years of KAT's prime for a rotation piece and cap relief.",analysis,TRUE,,TRUE
"OKC's elimination this postseason was not an upset. Their net rating in games decided by 6+ points was +9.1 — best in the league. In games decided by 5 or fewer it was -1.8. They were a historically dominant regular season team that couldn't close. That's a coaching/roster construction problem, not a talent problem.",analysis,TRUE,,TRUE
"Wemby's free throw rate (FTA/FGA) this postseason was 0.41 — elite for a big. But his FT% was 68.2%, which cost the Spurs an estimated 6-8 points across the Finals alone based on expected value vs. league average. At 80% FT%, the series might have gone to 7 games.",analysis,TRUE,,TRUE
"The 2018 draft class (Brunson, SGA, Mikal Bridges, Miles Bridges, Shai, Donte) now has more combined All-NBA selections than the 2014 draft class did at the same point in their careers. It's quietly one of the deepest drafts since 2003. The top of the class was weak (Ayton, Doncic aside) but the 20-40 range produced an absurd number of rotation-to-star players.",analysis,TRUE,,TRUE
"Mike Brown's coaching record across 3 franchises: CLE — took a LeBron-less core to 61 wins, fired. SAC — first unanimous COTY, fired mid-season. NYK — NBA champion. He is statistically the most undervalued coach in the modern era. Three different organizations, three different rosters, all performed above expectation.",analysis,TRUE,,TRUE
"The Knicks' 2026 championship roster had zero max contract players. Brunson was signed below max, OG below max at signing, Mikal Bridges on a team-friendly deal. This is the blueprint the second apron era rewards: draft well, overpay no one, build culture. Every big-market team chasing a superstar this summer should be studying this instead.",analysis,TRUE,,TRUE
"Trae Young's career playoff splits vs. the regular season: Regular season: 26.5 PPG, 10.8 APG, 36.1 3P%. Playoffs: 22.3 PPG, 9.0 APG, 30.4 3P%. That's a bigger dropoff than James Harden's infamous playoff decline, adjusted for usage. The $212M Wizards extension is going to look very ugly in two years.",analysis,TRUE,,TRUE
"Per Basketball Reference, Brunson's 45-point closeout game ties the third-highest scoring performance by a Finals MVP in a clinching game since 1980. Only Jordan (55, 1993 G6) and West (53, 1969 G7) scored more. People are underrating what happened in San Antonio.",analysis,TRUE,"Ambiguous with News — reads like a stat report, but the ranking and framing ('people are underrating') is the poster's analytical contribution, not breaking information.",TRUE
"Correction to the widespread narrative: the Spurs did NOT lead for 72% of the series. That figure counts garbage time. In meaningful minutes (score within 10, 4th quarter), the Knicks led 54% of the time. The '72%' number has been repeated by every outlet uncritically.",analysis,TRUE,Ambiguous with News — presents a factual correction that could read as a News report. Analysis wins because the reframing and the 'meaningful minutes' filter are the poster's original contribution.,TRUE
"The Wolves traded away their 2024, 2026, and 2031 first-round picks as part of the KAT deal. Those three picks are now projected to land at #7, #2, and a likely lottery slot respectively — based on current roster trajectories. That's roughly $180M in draft asset value shipped to New York.",analysis,TRUE,"Ambiguous with News — trade details are facts, but the pick value projection and dollar estimate are the poster's analytical work, not sourced reporting.",TRUE
SGA's scoring average in road playoff games this postseason: 24.1 PPG on 43.2% shooting. Home games: 31.8 PPG on 51.4%. That split is wider than any other top-5 candidate's home/road gap. It didn't cost him this year but it's a real vulnerability in his game that scouts have already flagged.,analysis,TRUE,"Ambiguous with News — structured stat breakdown reads like a report. Analysis wins because the home/road comparison and the 'vulnerability' framing is the poster's synthesis, not a sourced claim.",TRUE
The 2026 Finals had the highest combined playoff experience disparity between the two starting fives since the 2003 Finals (Spurs vs Nets). Knicks starters averaged 7.2 playoff appearances each. Spurs starters averaged 1.8. Wemby was the only Spur starter who had faced a Game 7 before this run.,analysis,TRUE,Ambiguous with News — stat-heavy and reads like a research note. Analysis wins because the comparative framing across Finals history is the poster's original synthesis.,TRUE
"Hot take but Wemby's Finals performance was actually better than people think. Yes, he shot 1-7 in crunch time — but strip that out and he was +14 in non-garbage regular minutes, posted a 112 ORTG when on the floor, and held Brunson to 38% in non-clutch possessions. The narrative that he choked is driven entirely by 4 bad minutes. Is anyone else looking at the full picture?",analysis,TRUE,"Ambiguous with Discussion — ends with a question inviting community response. Analysis wins because the poster has already built a data-driven argument; the question is rhetorical, not the purpose of the post.",TRUE
"The second apron has fundamentally changed what a 'dynasty' looks like. Pre-apron: teams could buy their way to 5-year windows (Warriors, LeBron-era Cavs/Heat). Post-apron: windows are capped at 3-4 years max before the tax penalties make roster maintenance impossible. We've had 8 different champions in 8 years not because of parity — but because the rules now enforce it. Agree or disagree?",analysis,TRUE,"Ambiguous with Discussion — 'Agree or disagree?' at the end reads like a Discussion prompt. Analysis wins because the pre/post apron structural argument is fully developed and the question is a closing invitation, not the post's purpose.",TRUE
"Something nobody is talking about: the Knicks' bench outscored the Spurs' bench 87-31 across the Finals. That's not a star gap — Wemby and Brunson basically cancelled out. It's a depth gap. Alvarado, McBride, and Robinson combined for more net impact than Fox and Castle did for SA. Championship teams are built in the second round of the draft. The Knicks understood this.",analysis,TRUE,Ambiguous with Discussion — 'something nobody is talking about' is a common Discussion framing. Analysis wins because the bench scoring comparison and the depth argument are fully substantiated before any community input is sought.,TRUE
"People rank the GOAT debate wrong because they weight rings too heavily. Using a composite of peak RAPTOR, playoff leverage index, and Finals performance score: 1. Jordan 2. LeBron 3. Kareem 4. Wilt 5. Magic. Rings-based rankings put Russell #1 and Kobe top 3 — neither of which holds up to any advanced metric. What's the argument against this methodology?",analysis,TRUE,Ambiguous with Discussion — closing question invites pushback. Analysis wins because the poster presents a defined methodology and a ranked output before asking; the framework is the contribution.,TRUE
"The Knicks' comeback formula this postseason, mathematically: Trail by 10+ in Q3 → Thibodeau timeout → Brunson ISO → +8 run → crowd noise crosses 110dB → opponent coach panics and calls timeout → Knicks drain clock → lead by halftime of Q4. This happened in 6 of their 16 wins. It wasn't magic. It was a repeatable system.",analysis,TRUE,Ambiguous with Entertainment — the flowchart-style humor ('crowd noise crosses 110dB') reads like a joke post. Analysis wins because underneath the comedic framing the poster identifies a genuine repeatable pattern across 6 specific games.,TRUE
"Rewatching Game 7 of the 2016 Finals is crazy. There is no flailing, head snapping, falling down after every shot, jumping sideways, etc. They're playing actually basketball down the stretch.",discussion,TRUE,,FALSE
"If the parity league continues, which team do you think extends it next year? IMO for this trend to keep going I think it would most likely have to be Detroit, Spurs, or TWolves. Which of these teams do ya think would be the best shot? And who do you think could be a dark horse instead? (Pacers, Hawks, Wizards, Rockets with a true PG)?",discussion,TRUE,,FALSE
De'Aaron Fox should have sat out the rest of the playoffs after hurting his ankle against Minnesota. I'm seeing so much slander for him online which is crazy. Even other sports when they choke it's compared to Fox. I think he would have been better off not playing on his sprained ankle and the Spurs would have been better off losing in the WCF to OKC,discussion,TRUE,,FALSE
"Is beating the defending champions a curse? I've noticed a trend where if you take down the defending champions, you don't end up winning the finals.",discussion,TRUE,,FALSE
"What are the greatest NBA postseason moments of the last 20 years? 20 years ago, the NBA came out with a list of the 60 greatest playoff moments in honor of the 60 anniversary of the NBA. Since there's never been an updated version, let's ask the sub what other moments in the last 20 years would warrant inclusion on a hypothetical 80 greatest playoff moments.",discussion,TRUE,,FALSE
"Off Season Reading - Now that the off season is here, what Basketball Books are you reading to feed your Hoops addiction? I always find the off season the ideal time to read or reread Books about Basketball.",discussion,TRUE,,FALSE
"If the new Seattle team wasn't named SuperSonics (Practically impossible), which name would you give it? Don't take my opinion seriously, I am not good about creating names and because I am not even american, but Seattle Hips. Just because of hip-hop and because I found it cool.",discussion,TRUE,,FALSE
"Giannis to Rockets trade proposal. Bucks get: Alperen Sengun, Dorian Finney Smith...",discussion,TRUE,,FALSE
"Is Chris Jent the first person to win an NBA treble? associate coach Christian Jent won the NBA cup and the NBA Finals with the Knicks, right after winning the summer league with the Hornets",discussion,TRUE,Poses a factual question about an unusual achievement — invites community to verify.,FALSE
"Dr J. Overrated, Underrated, properly rated? I saw a clip of Dr J, Magic, and Bird analyzing the 96 Bulls and it got me thinking that Dr J is probably underrated. He is definitely a top 25 player, but a case could be made that he is more like a top 10 player. If he played his entire career in the NBA and got another ring and another MVP, not impossible by any means, his status would be further elevated. Dude scored 30k points, 10k rebounds, 5k assists, 2200 steals and nearly 2k blocks.",discussion,TRUE,,FALSE
Would KD fix most issues the Spurs have? I was just thinking about what the Spurs need and what players would want to either switch teams or are available and KD honestly kind of fits.,discussion,TRUE,,FALSE
"Which is more realistic. Luka winning an MVP within the next 5yrs, or Cade winning an MVP within the next 10yrs?",discussion,TRUE,,FALSE
"What actually happened to James Harden in game 6 of the 2017 Western Conference Semi Finals. Kawhi Leonard was injured for the Spurs. The Rockets were down 3-2 and at home. Harden was 2nd (should have won) in mvp vote that year. And yet his stat line was: 10 Pts, 7 Reb, 6 TO, 2-11 FGM! Can anyone actually explain what happened?",discussion,TRUE,,FALSE
"This past season, future Hall of Famer and 40-year-old Kyle Lowry averaged 1.2 points and 0.8 assists on 16% shooting. What is the worst that a future NBA hall of famer has ever been at any point in their careers? Not doing this to trash Lowry because he's 40 and has had an incredible career, but that's what made me think of the question.",discussion,TRUE,,FALSE
Nba draft withdrawal. I was reading up on the nba withdrawal deadlines and saw that 38 guys withdrew on june 13. 35 college players and 3 international. It got me thinking....why would international players withdraw?,discussion,TRUE,,FALSE
It's that time again: Kawhi is on an expiring. Assuming he's not convicted by a jury of my peers - which team should trade for him? Blazers? Lakers? Nuggets? Who else?,discussion,TRUE,,FALSE
"Kings Fans, the DeArron Fox the world saw in the Finals, was that the DFox experience or was that a new version of him? what stood out? The shakiness in the clutch, the bonehead plays and the lack of heads up awareness. The missing of so many open 3s. Was it like that when he played for you? I do remember him being somewhat clutch before, what did you notice different about him? His athleticism? His poise? Or something else",discussion,TRUE,,FALSE
"How many players in NBA history have made the finals as the best player on their team aged 22 or younger? I've been thinking about this after Spurs made the finals, and the list can't be that long. Many of the all time greats didn't even make the playoffs until later in their careers, and guys like Magic played with hall of famers when they made the finals that early.",discussion,TRUE,,FALSE
A Retired Jersey for Every Team - Part 1: The Clippers of Los Angeles. The offseason is upon and so is the time for all manner of talks about legacy. I thought it would be a fun little exercise to go through all 30 teams and see who deserves to have one of the highest honors a team can bestow unto them: Jersey retirement.,discussion,TRUE,,FALSE
"Is there a way to fix intentionally fouling at the end of a game while up by 3? One thing I absolutely hated about Game 5 is that late in the game, instead of seeing if the Spurs could hit a clutch shot to tie the game, the Knicks intentionally fouled them and the end of the finals became a short free throw contest.",discussion,TRUE,,FALSE
Why is every streamable link being taken down? All for violating community guidelines. Is this an issue with this subreddit and it's rules or a wider Reddit issue?,discussion,TRUE,,FALSE
"Besides malice at the palace, what's the greatest NBA fight of all time? Three candidates that come to mind would be the Jeff Van Gundy leg game, Marcus Camby head butting Jeff Van Gundy, and Shaq vs Charles.",discussion,TRUE,,FALSE
Should the NBA implement a new shot clock reset depending on where the shot came from? The modern NBA is in love with the 3-ball. Would it be better if the NBA changed the shot clock resetting depending on the type of shot it was?,discussion,TRUE,,FALSE
The NBA should make a Bird rights FA a week early. Then have an open FA after. They would actually solve the Pay to Play super team issue and make the Cap make more sense.,discussion,TRUE,,FALSE
"Which draft was worse, the 2019 draft or the 2013 draft? Someone posting the Pelicans' reaction to winning the #1 pick in 2019 led to a lot of people commenting on Zion Williamson not fulfilling his true potential.",discussion,TRUE,,FALSE
"Is anyone a fan of the future Las Vegas NBA team already? Obviously the SuperSonics are going to have a fanbase built in, mostly made up of people who just never started rooting for the Thunder and have been ""teamless"".",discussion,TRUE,,FALSE
"In light of Becky's Hammond's comments and Brunson proving her wrong by being the best player on a championship team, his nickname should now be 1A. Think it's a pretty cool and fun one, and a nod to him being the smallest guard since Isiah Thomas to be Finals MVP.",discussion,TRUE,,FALSE
"Rank the Last 10 NBA champions. 2026 Knicks - Faced: Atlanta, Philly, Cleveland and San Antonio. 53-29...",discussion,TRUE,,FALSE
Who could be the next Knicks style team? I mean like how they made a few ballsy trades for really good guys who were undervalued but not superstars yet.,discussion,TRUE,,FALSE
"Why has it been getting harder for nba teams to defend their nba title? How come no team since the 2017, 2018 golden state warriors, has been able to win back to back championships?",discussion,TRUE,,FALSE
"Best player in NBA right now? I follow a lot of NBA YouTubers and it feels this is actually a good discussion to have now. Who do you think is the best player in the NBA now? From what I've gathered, it's either Jokic, Shai, Wemby, Giannis, Luka.",discussion,TRUE,,FALSE
"Who will make the 100th anniversary team? In 2021, a panel of journalists/analysts added 25 players to the already selected 50th anniversary team in 1996. When the 100th anniversary team is announced in 2046 I assume they will add 24 players.",discussion,TRUE,,FALSE
"Favorite Online NBA Games? Obviously, I got hooked on 82-0 like everybody else. After that, I started finding games like Hoop-Ladder and Immaculate Grid. Wanted to see what other daily games were out there that my fellow NBA sickos were playing.",discussion,TRUE,,FALSE
NBA Draft Prospects YouTube Video - Yall have any good recommendations for YouTube vids that cover the major prospects in this draft? Thanks,discussion,TRUE,,FALSE
"Massive Integrity of the Game Issue. Now that it's the offseason, the NBA needs to address a critical integrity of the game issue. When there's a last second full court shot, oftentimes, fans, media, players run onto the court BEFORE the ball has landed. Per NBA rules, after the buzzer sounds, the ball is still in play until someone touches it. THIS MEANS THAT THE BALL IS STILL IN PLAY IF IT BOUNCES ON THE COURT.",discussion,TRUE,,FALSE
"There should be a distinction between the regular season GOAT and the postseason GOAT. This model not only simplifies the whole GOAT debate, it also promotes more inclusivity.",discussion,TRUE,,FALSE
"Wemby Doesn't Need To Gain Weight. That Defeats The Entire Purpose Of Wemby. What makes him special isn't strength it's that he's a 7'5"" player who moves like a wing, covers half the court on defense, and can score from anywhere. The more mass he adds, the greater the risk of losing some of the mobility, fluidity, and defensive range that make him unique.",discussion,TRUE,,FALSE
Sleeper team trading for Giannis. Even though the most talked about teams are Boston and Miami there's a chance that this could end up being a team that has no media attention similar to what happened to the Kawhi Leonard situation where no one thought he was getting traded to Toronto yet they did the deal which team do you think qualifies for this?,discussion,TRUE,,FALSE
Who was more clutch: 2025 Haliburton or 2026 Brunson. I've seen consistent talks about how clutch Brunson has been this post season. I'm curious what the general community thinks.,discussion,TRUE,,FALSE
"If Kawhi had stayed with the Raptors in 2019, how many more rings do you think they win? Marc Gasol, Danny Green and Kyle Lowry were getting older, but Pascal Siakam, Fred Vanvleet, Norm Powell and OG Anunoby were all young and improving players.",discussion,TRUE,,FALSE
Trae Young is Fools Gold. He has the 3rd worst defensive metrics in the last 10 years and is not the shooter you think he is. Trae's camp must think a lucrative contract is out there by becoming a free agent. But signing Trae to a 40 million plus contract is akin to getting coal in your stocking at Christmas!,discussion,TRUE,,FALSE
"Rank which shot is the most clutch: Ray Allen 3pt, Kawhi's buzzer beater or OG's last second tip-in?",discussion,TRUE,,FALSE
Why didn't Jahlil Okafor pan out? I recall when he was drafted people were talking about Tim Duncan levels of basketball IQ and back-to-the-basket game. Third overall pick in the draft behind KAT and D'Angelo Russell.,discussion,TRUE,,FALSE
Len Bias was drafted 40 years ago - what if he and Reggie Lewis lived? My What If Len Bias and Reggie Lewis lived 1986-87 Season...,discussion,TRUE,,FALSE
"Can the Indiana Pacers return to the finals in 2027? I think Zu gives the Pacers a post presence on both ends that they havent had since the David West / Hibbert era. Plus he is the far superior rebounder in comparison to Myles. Turner is missed, and Mathurin will be maybe even moreso, but the Pacers high octane offense will be back in full force next year. I'm also not really sure how much weight you can put on the 19 win season. Having an injured superstar and the draft class being what it is were huge influences on the record. Walker, Nesmith, Nembhard, and the...",discussion,TRUE,,FALSE
"This Wemby hate is so forced, it's ruined all post-Finals coverage for me. The true clowns in the media are really showing their talent. We have grown men calling the face of the league weak, soft, and dirty.",discussion,TRUE,,FALSE
SG drought in the NBA. There has recently been a drought of at the SG position that I feel needs to be addressed. I've seen the position fluctuate but this is the driest I've seen the nba in regards to SG.,discussion,TRUE,,FALSE
"What championship from the past ten years holds the most value? With the world turning over the Knicks winning the Finals, it's got me wondering, what championship in the last ten years holds the most weight?",discussion,TRUE,,FALSE
NBA trades when? Why does it feel like this trade season is so dead.. anyone think any trades will happen today. Shams's only post is about KCP opting in to his PO,discussion,TRUE,,FALSE
"Is Brunson a top 50 player of all time? After his historic playoff run and finals performance, I find it incredibly difficult to name 50 players over Brunson all time.",discussion,TRUE,,FALSE
"Bam Adebayo has never made an All-NBA team. I was looking through basketball reference accolades, and this surprised me, considering how long he has been in the NBA. Is he overrated?",discussion,TRUE,,FALSE
"2026 Brunson or 2019 Kawhi Leonard who had the better individual playoff run? Both finals mvp, both lead their teams, both averaged 30 ppg both were dominant forces. Which run was better?",discussion,TRUE,,FALSE
Can Endurance be the Next Revolution in the Game? I have a little armchair theory. What if an NBA team were to max out their endurance on the court? Imagine an NBA roster where a team can run a 3 miles in 18 minutes.,discussion,TRUE,,FALSE
"[Serious] In or out, Basketball Hall of Fame edition: Stephon Marbury. I'm going to list a player who is either a retired borderline Hall of Famer... How this works is you list reasons as to why the player SHOULD and SHOULDN'T make the Hall of Fame.",discussion,TRUE,,FALSE
Is Walker Kessler a top 15 center in the NBA? Does no else think it's insane that teams are apparently willing to pay 28m to Walker Kessler?,discussion,TRUE,,FALSE
"If Spurs fans gave De'Aaron Fox encouragement and love rather than what they did, would the Spurs have had a better chance in G5? Yes, De'Aaron Fox did not play good, however would the result have been different if Fox came home to a bunch of Spurs fans encouraging him.",discussion,TRUE,,FALSE
"Multiple NBA big men are reportedly trying to find a way to play alongside Wemby on the Spurs. Which big men do you want to see play alongside Wemby? Personally I want to see players like Aaron Gordon, Naz Reid, Sabonis...",discussion,TRUE,Borderline News/Discussion — the report is cited but the post is primarily soliciting opinions.,FALSE
"Shai signed with Nike, Is the SHAI 001 series over with? In this playoffs, Converse introduced a new colorway for the SHAI 001s for every series. Since Shai now signed to Nike, do you think we're never gonna truly know if that's the case?",discussion,TRUE,,FALSE
"Should Wemby keep a focus on guard skills? I know many people want him to cut it down, but I think that's the thing that could take him from one of the greatest bigs oat to almost/just in goat conversation.",discussion,TRUE,,FALSE
Who are some Star players you'd want to get lots of minutes but would not want them at the end of a close game? Sorry if this post is silly but thought it might be a good discussion. Who are some players who you think are good to great but you would not want them in the closing minutes of a close game? Russel Westbrook is my example.,discussion,TRUE,,FALSE
Which NBA champion teams over the years had bad team dynamics but still won? Its been well documented about how players had to make sacrifices and know their roles on the Knicks and that led to them winning a title. Are there any known champion teams who won just with talent but otherwise had an unhappy locker room where the teammates didnt get along or they hated the coach?,discussion,TRUE,,FALSE
Is it weird for Portland to not have a head coach yet? I don't know basketball all that well and don't know how the coaching search fits with the draft being later this month.,discussion,TRUE,,FALSE
Is SGA's ball handling ability on the level of Kyrie and Iverson or are those guys still in their own tier? I think SGA could have a case if you factor in his low turnover rate.,discussion,TRUE,,FALSE
Who's the odd man out this draft? The last draft we had 3 all nba guys drafted back to back to back was 1982!! Do you think this draft will continue with the trend of having at least 1 non all nba guy or will these 3 all hit.,discussion,TRUE,,FALSE
Are the best players in the league today underrated because the average player is much better than they used to be? I feel like in previous eras there was a large gap between the best players in the league and the average player.,discussion,TRUE,,FALSE
"Kyrie Irving might be the most skilled point guard in NBA history who will never be looked at as a leader of a team. Look at just the guards on every team in the NBA, and ask yourself which guard is the most skilled and still doesn't exude that persona of ""it's his team."" Kyrie is the answer. I'll list a few leaders here: Jalen Brunson is seen as a leader for the Knicks...",discussion,TRUE,,FALSE
"If Giannis goes to the Celtics and wins a ring, would it be respected? If Giannis goes to the Celtics and wins a ring, would you respect or dismiss it as a superteam ring like we did with KD?",discussion,TRUE,,FALSE
"Will the Knicks becoming the first NBA Cup winner to win the NBA Finals help legitimize or boost the perceived importance of the Cup going forward? In previous years, the NBA Cup winner seemed irrelevant b/c they didn't go on to win the title. Raising a banner to a Cup win, and not being able to raise one for a championship seemed lame. The Knicks are the first team that can raise both without it seeming silly.",discussion,TRUE,,FALSE
"Excluding the Giannis trade, what would be the return for Tyler Herro this summer if the Heat shopped him? Everyone underrates my boy and the Heat in general. Detroit is obviously interested, but who else would be?",discussion,TRUE,,FALSE
Kawhi had a +14.5 on/off swing last season. Is he still a top 5 player? Kawhi by himself made the Clippers a formidable team but the Clippers were a pathetic -7 without him on the floor.,discussion,TRUE,,FALSE
"People say that Jalen Brunson is not actually 6'2. But his scouting report says he was ""Measured 6'1 barefoot and 6'2.25 in shoes"". Are people saying that the measurement was just like... made up?",discussion,TRUE,,FALSE
"During the 2025 NBA Finals, did the Pacers trade for their own pick in the 2026 draft because they knew Haliburton might tear his Achilles? Let's go through the timeline of events here: June 16, 2025: Tyrese Haliburton suffers a calf strain in game 5 of the Finals. June 17, 2025: The Pacers trade the 23rd pick of the 2025 draft to the Pelicans to get their 2026 1st round draft pick back. June 22, 2025: Haliburton tears his achilles. Did the Pacers medical staff tell the front office ""hey, Tyrese can play, but there's a risk he tears his Achilles"", and the front office decided ""we have to play him, it's the finals, but we've got to acquire our own pick for next year so if he...",discussion,TRUE,"Borderline Analysis — has a structured timeline, but the conclusion is speculative and invites community input rather than asserting a finding.",FALSE
"Steph Curry is proof that every NBA player is physically capable of being a good defender. Steph Curry. Let's go through his measurements: 6'3"" height, 6'3"" wingspan, 28"" vert. During the 2015-2016 season, Steph Curry had a defensive EPM of +1.7 (95th percentile).",discussion,TRUE,Has stats but the conclusion is too broad and unsubstantiated to qualify as Analysis.,FALSE
Greatest Players Who Have Gone Four Straight Seasons without Winning a Playoff Series? It has now been four consecutive seasons since the last time Antetokounmpo was involved with a team that won a playoff series.,discussion,TRUE,,FALSE
"Honest thoughts about the new lottery system/proposal? I have been very vocal that the new lottery system could work to solve the tanking issue, but creates a whole host of new problems in its wake. Anyone have thoughts?",discussion,TRUE,,FALSE
Voter fatigue will be pushed to its limits next season if Sga has a similar season (30+ppg + best record). Shai had an amazing MVP season despite having one of the most injured rosters in the league. Next year the Thunder will look different but we've seen that one of Shai's strong suits is his consistency.,discussion,TRUE,,FALSE
Is Isaiah Stewart the key? Jordan had Rodman. Kobe had Artest. Curry has Green. Is Isaiah Stewart what Wemby needs in order to be the dynasty they can be?,discussion,TRUE,,FALSE
A dynasty should be led by players from different generations. A dynasty shouldn't just be winning a bunch of titles. They should be led by players of different generations. So there hasn't really been a dynasty in the NBA. The closest would be the Showtime Lakers with Kareem passing the leadership to Magic.,discussion,TRUE,,FALSE
Why did Karl Malone go as the 13th pick in the 1985 nba draft? Why did he not go in the lottery? was he not seen as that good of a prospect? Also is he the best player from the 1985 draft?,discussion,TRUE,,FALSE
"What are some of the biggest what ifs from this years playoffs? With the playoffs now in the books and the Knicks being the NBA champions, this got me thinking, what are some of the biggest what ifs from the playoffs this year?",discussion,TRUE,,FALSE
"Prime Damian Lillard had the worst roster construction for a superstar's prime of all time. Sometimes I think about how the Blazers GM knew he had a generational offensive talent like Damian Lillard, who is already a small guard and plays no defense, and decides to have the genius idea to pair him up with another small guard who plays no defense.",discussion,TRUE,,FALSE
"Best Game 7 performance on the losing team? Best Game 7 performance on the losing team? On the top my memory it's LeBron against the Celtics, Shai vs the spurs and Draymond vs the Cavs.",discussion,TRUE,,FALSE
"Random and half-baked predictions for next season, one for each team. Here's how I think each team's season will go. I'm curious to hear yours. Wizards: Will draft AJ Dybansta, make some trades to fill out their 2 and 3 spots, have a respectable and decidedly non-tanky regular season...",discussion,TRUE,,FALSE
"Who do you think is better? Paolo, or Maxey? Stats in this past regular season: Paolo: 22/8/5 on 57 TS%. Maxey: 28/4/7 on 59 TS%.",discussion,TRUE,,FALSE
NYPD: Florida Man charged in connection with cab destruction amid Knicks post-win revelry,news,TRUE,Crime/arrest report tied to Knicks celebrations.,FALSE
"[Kessler] ""I've seen what's being said, and I want it to be clear that I have always wanted to be [In Utah]… I love this city, these fans, my teammates, my coaches - that's real to me.""",news,TRUE,,FALSE
"[Windhorst] Trae Young is going to re-sign with the Wizards likely on a 3-year, very large contract.",news,TRUE,,FALSE
[Fischer] The Boston Celtics inquired about Rudy Gobert at the trade deadline. The Minnesota Timberwolves are interested in Derrick White.,news,TRUE,,FALSE
[Smith] Mayor Gina Ortiz Jones wants billionaire Michael Dell to help pay for new Spurs arena. Mayor Gina Ortiz Jones wants the world's sixth-richest person to help pay for the Spurs' planned $1.3 billion downtown arena.,news,TRUE,,FALSE
"[USA Today] Knicks to become first NBA champion to visit 45th/47th Administration's White House, Dolan says. New York Knicks owner James Dolan said the team will accept an invite from the president.",news,TRUE,,FALSE
Markieff Morris Thinks OKC Still The Best Team Despite The Knicks Winning The Finals,news,TRUE,,FALSE
"[Puybertier] Zaccharie Risacher: ""It was a pretty frustrating season because the playing time I got just kept decreasing.""",news,TRUE,,FALSE
[Fischer] New Orleans is no longer hanging up on teams calling to inquire about two-way wing Trey Murphy III and the Warriors' longstanding interest has been well-chronicled. The Pelicans are known to be very interested in acquiring a lottery pick in this draft.,news,TRUE,,FALSE
[MacMahon] The Utah Jazz are not expected to reach an agreement on a rookie contract extension with Keyonte George. Sources also expressed doubt that the Jazz would reach an agreement on a rookie contract extension with guard Keyonte George.,news,TRUE,,FALSE
"[DLLS Mavs] Marc Stein: ""If Milwaukee ends up doing the [Giannis to] Miami deal, Tyler Herro obviously has to be in it. If they can either make it a 3-team trade or turn Tyler Herro into a draft asset or two from Detroit, that makes the overall package you get from Miami more attractive.""",news,TRUE,,FALSE
[FOS] Madison Square Garden hit with class action lawsuit over apparent data breach after hackers allegedly accessed sensitive visitor data from up to 26 million people collected through James Dolan's controversial surveillance and facial-recognition system used at the Knicks home arena.,news,TRUE,,FALSE
"Jose Alvarado on Victor Wembanyama not shaking hands with the Knicks: ""I got mixed emotions… the way he did it was a little too crazy for me because I loved how he competed during the game.""",news,TRUE,Player quote where the statement itself is the new information.,FALSE
"Spears: ""I'm hearing that he's [LeBron's] likely coming back [to the Lakers]... and I'm also hearing that one of his old teammates from Cleveland, Kevin Love, could likely be joining the Lakers too.""",news,TRUE,,FALSE
"[Fischer] Sacramento has already had conversations with Charlotte and Toronto, trying to see if there was an opportunity to move Domantas Sabonis, and get into the 18/19 range, where the Hornets and Raptors are picking.",news,TRUE,,FALSE
"NYPD plans to deploy an historic 10,000+ cops for Knicks championship parade",news,TRUE,,FALSE
"[DLLS Mavs] Marc Stein: ""Detroit needs a shooter. Detroit is one of the teams that has inquired about Kyrie, but the Mavericks have put the message out there that Kyrie is not available. So the Pistons are looking at other options; Tyler Herro, Coby White, Isaiah Joe.""",news,TRUE,,FALSE
[Fischer] League sources say that Milwaukee has carried itself like a franchise that expects to have Miami's No. 13 selection and its own No. 10 pick. Miami has also begun making calls in search of supplementary shooting to complement an Antetokounmpo and Adebayo frontcourt.,news,TRUE,,FALSE
[KD_AshyAnkles] [Slater] Everything we know about a pivotal Golden State Warriors offseason. Veteran center Al Horford has a $5.9 million player option with a June deadline.,news,TRUE,,FALSE
Ajay Mitchell to skip FIBA World Cup Qualifiers for Belgium amid injury recovery,news,TRUE,,FALSE
"[McMenamin] Still, sources familiar with Reaves' thinking told ESPN throughout the season that Reaves' contract decision will not come down solely to a dollar figure. There will be various factors, including Reaves' repeated stance that he would like to play his entire career with the Lakers.",news,TRUE,,FALSE
"[Amick] League sources say Detroit Pistons big man Isaiah Stewart is available. The Pistons, in search of shooting and playmakers, appear ready to rely on Paul Reed in an increased role. Detroit is believed to be among the suitors for guard Austin Reaves.",news,TRUE,Similar to the earlier Stewart report but with expanded detail — kept as distinct post.,FALSE
"[MacMahon] The Utah Jazz reportedly offered Walker Kessler 5-years, $140 million but Kessler's camp is looking for significantly more.",news,TRUE,,FALSE
Knicks' Victory Caps Most Watched NBA Finals Since 1998. Saturday's deciding fifth game averaged 24.5 million viewers on ABC and ESPN.,news,TRUE,Overlaps with the 2026 Playoffs/Finals viewership post above — kept as distinct because this is a separate article link with different framing.,FALSE
"[Amick] Pistons' Isaiah Stewart Reportedly Available In Trade Talks. League sources say Detroit Pistons big man Isaiah Stewart is available. The Pistons, in search of additional shooting and playmakers, appear ready to rely on seventh-year big man Paul Reed in an increased role. Stewart has two years and a combined $30 million left on his deal (team option in the second season). Detroit, which is believed to be...",news,TRUE,,FALSE
LeBron James and Steve Nash discuss why Shai Gilgeous-Alexander's efficiency is Jordan-esque,news,TRUE,Quote-based report — the discussion between two NBA figures is the new information.,FALSE
[Wright] The Spurs remain committed to De'Aaron Fox as their starting point guard for the 2026-27 season despite the expectation that calls from Dylan Harper's camp for a spot in the starting lineup will grow louder going into next season.,news,TRUE,,FALSE
"[Stein] Wolves assistant Micah Nori is a top candidate for both of the NBA's coaching vacancies, league sources say. Nori is a confirmed Portland finalist alongside Boston's Tyler Lashbrook and among Dallas' top contenders. Tiago Splitter just left the Blazers to take Chicago's job.",news,TRUE,,FALSE
"[Scotto] With Charlotte considering a starting-caliber center upgrade, other centers besides Sabonis are on their radar, including Brooklyn Nets center Nic Claxton.",news,TRUE,,FALSE
"Jazz 'genuinely torn' over drafting AJ Dybantsa, Cameron Boozer or Darryn Peterson. Dybantsa, Boozer and Peterson are the consensus top three players on the board. The Jazz hold the No. 2 pick while the Washington Wizards hold the top pick.",news,TRUE,,FALSE
"[ESPN 1320 Sacramento] James Ham: ""The word I'm hearing is it's very very likely that Precious Achiuwa will be back next season.""",news,TRUE,,FALSE
"LaMelo Ball believes Victor Wembanyama legacy is ""stained"" for losing in the Finals against the New York Knicks, Lonzo Ball disagrees.",news,TRUE,,FALSE
Knicks Players To Receive Custom Diamond-Encrusted Championship Chains,news,TRUE,,FALSE
"[McMenamin] Luka Doncic is spending the summer in Slovenia with his daughters but sources close to him told ESPN he is in ""constant communication"" with Lakers. ""Luka's first and foremost desire is an A-list center.""",news,TRUE,"Near duplicate of earlier Luka post — different detail emphasis, kept.",FALSE
A multi-part Knicks documentary is in the works at A24 & HBO. The series will follow the Knicks' entire history up to their first NBA championship in 53 years. Directed by Ben Stiller.,news,TRUE,,FALSE
"[Ralph] Knicks champs Brunson, Hart to throw out 1st pitch in Bronx. Yankee Stadium has seen more than a few champions walk through its hallowed grounds over the years. Knicks stars Jalen Brunson and Josh Hart, fresh off winning the franchise's first NBA title in 53 years, will throw out the ceremonial first pitch.",news,TRUE,,FALSE
Josh Hart says the Spurs not giving them credit for their wins throughout the Finals fueled them even more,news,TRUE,,FALSE
"[Dwight James] Sources tell me that Tiago Splitter's contract with Chicago is for three years, with a fourth year on a team option. It is believed to be at the league average, salary-wise. The average salary for NBA head coaches at this time is just under $7 million per year.",news,TRUE,Sourced coaching contract report.,FALSE
"[Stein] The Mavericks are actively exploring trade options, league sources say, while also preparing for Nos. 9 and 30 in Tuesday's draft and progressing toward a conclusion in their coaching search. The Mavericks are known to have interviewed: Houston's Royal Ivey, Toronto's Jama Mahlalela...",news,TRUE,,FALSE
[McMenamin] Several league sources told ESPN they believe Rui Hachimura could be the odd man out and that he might need to explore the market to find a desired deal.,news,TRUE,,FALSE
"[Sactown Sports 1140] Sam Amick on Darius Acuff Jr: ""You had real good talent evaluators saying this guy's special, that he is, you know, could be Allen Iverson, could be Jalen Brunson.""",news,TRUE,,FALSE
"[Stein] The Pistons, I'm told, should be monitored as a potential third-team facilitator in a Giannis Antetokounmpo-to-Miami trade with Tyler Herro ultimately landing in Detroit. Other players said to interest Detroit include Coby White, Isaiah Joe and possibly even Zach LaVine.",news,TRUE,,FALSE
"[ESPN] MacMahon: ""My understanding is, if there's going to be an extension between Kawhi Leonard and the Los Angeles Clippers, there's going to have to be legitimate negotiations. He's going to have to take a pay cut, I believe, to extend with the Clippers.""",news,TRUE,,FALSE
'Blazers may not stay': MultCo commissioners set to discuss Moda Center money for first time publicly. As city leaders go back and forth on whether and how to use public money from the City of Portland to renovate the Moda Center.,news,TRUE,,FALSE
"[Charania] Phoenix Suns star Devin Booker is changing his jersey from No. 1 to No. 15, honoring his USA Basketball uniform and the college number of his father, Melvin, per ESPN sources.",news,TRUE,,FALSE
"[Stein] With only a few days to go before Tuesday night's first round of the NBA Draft, multiple draft experts legitimately believe Washington could select Kansas' Darryn Peterson over BYU's AJ Dybantsa with the No. 1 overall pick.",news,TRUE,,FALSE
"Draymond Green goes off on the Spurs walking off the court without shaking hands: ""You can't have front-runner behavior, it does not win in this league. Running off the court after you lose in a series is front-runner behavior""",news,TRUE,,FALSE
[McMenamin] [Slater] If negotiations between James and the Los Angeles Lakers break down... the Warriors are a willing suitor. League sources said Ballmer has maintained a firm stance against a (Kawhi) Leonard trade.,news,TRUE,Slightly different version of the Slater LeBron/Warriors post — kept as distinct due to double byline.,FALSE
Trae Young will decline his $48.97M player option to become a free agent this summer.,news,TRUE,,FALSE
"[Slater] If negotiations between James and the Los Angeles Lakers break down - and if James goes searching for a new home for his 24th NBA season - the Warriors are a willing suitor, team sources said... League sources said Ballmer has maintained a firm stance against a (Kawhi) Leonard trade.",news,TRUE,,FALSE
"Gary Washburn: ""[The Boston Celtics] are not shopping Jaylen Brown. They're not dangling him around the league.""",news,TRUE,,FALSE
"[Mackel] Pelicans, state of Louisiana expected to have a new, long-term lease agreement this fall. The Pelicans securing a long-term lease agreement is the first step in triggering the renovation of the Smoothie King Center.",news,TRUE,,FALSE
"[SiriusXM] Chris Haynes on Giannis Antetokounmpo: ""From what I'm hearing this could drag on into free agency. This could drag on until July … I do still believe he will be moved this offseason, but I'm not as certain as I was before that it'd be done before the draft.""",news,TRUE,,FALSE
"[Charania] ESPN analyst Kendrick Perkins – 14-year NBA veteran and 2008 champion – has agreed to become the men's basketball General Manager of HBCU Jackson State, as well as a connection to its broadcast and journalism program, per Perkins.",news,TRUE,,FALSE
"[Scotto] The Orlando Magic will add Riley Crean as an assistant coach, league sources told HoopsHype. Crean was the head video coordinator of the Dallas Mavericks.",news,TRUE,,FALSE
"[JR Smith] on Instagram: ""He reached out! We GOOD! God Bless the young GAWD!Greatest PG I've played with""",news,TRUE,,FALSE
"[Amick] League sources say the Blazers would have serious interest in Jaylen Brown if the Celtics made him available. Similarly, league sources say the Timberwolves have strong interest in Derrick White. The Celtics are among many teams interested in Trey Murphy III if they don't land Antetokounmpo.",news,TRUE,,FALSE
"[Club 520 Podcast] Jeff Teague on Darius Acuff Jr: ""Some of his teammates at IMG didn't f**k with him.""",news,TRUE,,FALSE
CJ McCollum scores 23 points and the game winner to give the Hawks a 2-1 lead over the Knicks,news,TRUE,,FALSE
"[McMenamin] Luka Doncic is spending the summer in Slovenia with his daughters, Gabriela and Olivia, but sources close to him told ESPN he is in ""constant communication"" with Lakers. ""Luka's first and foremost desire is an A-list center,"" the source said.",news,TRUE,,FALSE
[WFAN] Knicks owner James Dolan announced the Knicks will be visiting the White House,news,TRUE,,FALSE
"[Scotto] There's a strong belief within league circles that if the Lakers offer Reaves close to or the full max, he'll stay in Los Angeles. However, if the Lakers submit a low-ball offer, Reaves will consider other offers.",news,TRUE,,FALSE
"Lakers' legendary PA announcer Lawrence Tanter to shift roles months after ""health matter"". The Lakers announce that legendary public address announcer Lawrence Tanter is shifting to a new role: Special advisor for game presentation.",news,TRUE,,FALSE
"2026 NBA Playoffs and Finals most watched since 1998. Knicks-Spurs was the most-watched NBA Finals in 28 years, averaging 20.6 million viewers per game on ABC and ESPN. The Knicks' series-clinching win in Game 5 averaged 24.5 million viewers.",news,TRUE,,FALSE
"[Fischer] League sources say that the Pistons' Isaiah Stewart is not merely available but outright bracing for a trade. Tobias Harris, by contrast, is a player Detroit is determined to retain. Sources say that the Bucks, Celtics, Spurs, and Heat are teams interested in Stewart.",news,TRUE,,FALSE
"SGA Officially Joins Nike: ""We are thrilled to welcome Shai Gilgeous-Alexander to the Nike Basketball signature family.""",news,TRUE,,FALSE
"[Chiang] The Heat believe they have the leverage on Milwaukee to keep some of their young players: ""Should the Heat also give up Jaime Jaquez Jr., Kasparas Jakucionis, Pelle Larsson and Nikola Jovic in the deal if the Bucks ask for all of them?""",news,TRUE,,FALSE
"Windhorst: ""LeBron's intention is to play and the focus right now is making a deal with the Lakers. They are negotiating. I think he's going to try and make a deal with the Lakers. The league generally believes the two sides are going to come together.""",news,TRUE,,FALSE
"[Fischer] The Minnesota Timberwolves circled back with the Milwaukee Bucks this week on Giannis Antetokounmpo and they were asking for even more now than they were at the deadline. Their requests have been described as ""unrealistic.""",news,TRUE,,FALSE
"Vlade Divac on why he didn't draft Luka: ""I already had Fox who I had a good relationship with so I would have to trade him. The small market was a perfect fit for Fox. Luka is a big market player, if I get him I may lose him down the road.""",news,TRUE,,FALSE
"[Spears] Wizards star Trae Young plans to decline his $48.97 million player option for the 2026–27 season to become a FA on Monday, sources. Washington remains the front runner for the four-time NBA All-Star as he loves the team and DC, but he still expects multiple team max interest.",news,TRUE,Near-duplicate of the plain Trae Young opt-out post above but with Spears attribution — kept as distinct sourced post.,FALSE
Gilbert arenas says to all the people that are saying the San Antonio spurs coach should have benched De'Aaron Fox for Dylan harper in the finals against the Knicks don't know basketball. Fox was their main guy the whole season you bench him in that moment you lose him mentally.,news,TRUE,,FALSE
"[Jones] The Utah Jazz are ""genuinely torn"" between selecting AJ Dybantsa, Cameron Boozer or Darryn Peterson one week away from the NBA Draft.",news,TRUE,Near-duplicate of the Jazz torn post above but with Jones attribution — kept as distinct sourced post.,FALSE
[Vorkunov] Skechers said Knicks finals star OG Anunoby has a signature shoe coming.,news,TRUE,Short but complete sourced report.,FALSE
